{
  "cmdName": [
    {
      "cmd": "tiktok_id_goat",
      "author": "Dipto",
      "update": "06/17/2024",
      "status": "on"
    },
    {
      "cmd": "tiktok_id_mirai",
      "author": "Dipto",
      "update": "06/17/2024",
      "status": "on"
    },
    {
      "cmd": "album_goat",
      "author": "Dipto",
      "update": "06/17/2024",
      "status": "on"
    },
    {
      "cmd": "album_mirai",
      "author": "Dipto",
      "update": "06/17/2024",
      "status": "on"
    },
    {
      "cmd": "alldl_goat",
      "author": "Dipto",
      "update": "06/17/2024",
      "status": "on"
    },
    {
      "cmd": "alldl_mirai",
      "author": "Dipto",
      "update": "06/17/2024",
      "status": "on"
    },
    {
      "cmd": "autodl_goat_x_mirai",
      "author": "Dipto",
      "update": "11/20/2024",
      "status": "on"
    },
    {
      "cmd": "spy_mirai",
      "author": "Dipto",
      "update": "10/06/2024",
      "status": "on"
    },
    {
      "cmd": "spy_goat",
      "author": "Dipto",
      "update": "10/06/2024",
      "status": "on"
    },
        {
      "cmd": "fluxpro_mirai",
      "author": "Dipto",
      "update": "10/09/2024",
      "status": "on"
    },
    {
      "cmd": "fluxpro_goat",
      "author": "Dipto",
      "update": "10/09/2024",
      "status": "on"
    },
    {
      "cmd": "baby_sim_goat",
      "author": "Dipto",
      "update": "10/11/2024",
      "status": "on"
    },
    {
      "cmd": "baby_sim_mirai",
      "author": "Dipto",
      "update": "10/11/2024",
      "status": "on"
    },
    {
      "cmd": "claude2_goat",
      "author": "Dipto",
      "update": "06/17/2024",
      "status": "on"
    },
    {
      "cmd": "cmdstore_goat",
      "author": "Dipto",
      "update": "07/15/2024",
      "status": "on"
    },
    {
      "cmd": "cmdstore_mirai",
      "author": "Dipto",
      "update": "07/15/2024",
      "status": "on"
    },
    {
      "cmd": "code_goat",
      "author": "Dipto",
      "update": "06/17/2024",
      "status": "on"
    },
    {
      "cmd": "code_mirai",
      "author": "Dipto",
      "update": "06/17/2024",
      "status": "on"
    },
    {
      "cmd": "cricket_goat",
      "author": "Samir",
      "update": "06/17/2024",
      "status": "on"
    },
    {
      "cmd": "cricket_mirai",
      "author": "Samir",
      "update": "06/17/2024",
      "status": "on"
    },
    {
      "cmd": "dalle_goat",
      "author": "Dipto",
      "update": "06/17/2024",
      "status": "on"
    },
    {
      "cmd": "dalle_mirai",
      "author": "Dipto",
      "update": "06/17/2024",
      "status": "on"
    },
    {
      "cmd": "fbcover_goat",
      "author": "Dipto",
      "update": "06/17/2024",
      "status": "on"
    },
    {
      "cmd": "fbcover_mirai",
      "author": "Dipto",
      "update": "06/17/2024",
      "status": "on"
    },
    {
      "cmd": "flaggame_goat",
      "author": "Dipto",
      "update": "06/17/2024",
      "status": "on"
    },
    {
      "cmd": "flaggame_mirai",
      "author": "Dipto",
      "update": "06/17/2024",
      "status": "on"
    },
    {
      "cmd": "gcimg_goat",
      "author": "Dipto",
      "update": "06/17/2024",
      "status": "on"
    },
    {
      "cmd": "gcimg_mirai",
      "author": "Dipto",
      "update": "06/17/2024",
      "status": "on"
    },
    {
      "cmd": "gemini_goat",
      "author": "Dipto",
      "update": "06/17/2024",
      "status": "on"
    },
    {
      "cmd": "gemini_mirai",
      "author": "Meabah Bb'e",
      "update": "06/20/2024",
      "status": "on"
    },
    {
      "cmd": "gemini2_goat",
      "author": "Dipto",
      "update": "06/17/2024",
      "status": "on"
    },
    {
      "cmd": "gemini2_mirai",
      "author": "Dipto",
      "update": "06/17/2024",
      "status": "on"
    },
    {
      "cmd": "getlink_goat",
      "author": "Asif",
      "update": "06/17/2024",
      "status": "on"
    },
    {
      "cmd": "getlink_mirai",
      "author": "Asif",
      "update": "06/17/2024",
      "status": "on"
    },
    {
      "cmd": "gist_goat",
      "author": "Dipto",
      "update": "06/17/2024",
      "status": "on"
    },
    {
      "cmd": "gist_mirai",
      "author": "Dipto",
      "update": "06/17/2024",
      "status": "on"
    },
    {
      "cmd": "imgur_goat",
      "author": "Dipto",
      "update": "06/17/2024",
      "status": "on"
    },
    {
      "cmd": "imgur_mirai",
      "author": "Dipto",
      "update": "06/17/2024",
      "status": "on"
    },
    {
      "cmd": "meta_goat",
      "author": "Dipto",
      "update": "06/17/2024",
      "status": "hold"
    },
    {
      "cmd": "meta_mirai",
      "author": "Dipto",
      "update": "06/17/2024",
      "status": "hold"
    },
    {
      "cmd": "pinterest_goat",
      "author": "Dipto",
      "update": "06/17/2024",
      "status": "on"
    },
    {
      "cmd": "pinterest_mirai",
      "author": "Dipto",
      "update": "06/17/2024",
      "status": "on"
    },
    {
      "cmd": "profile_goat",
      "author": "Dipto",
      "update": "06/17/2024",
      "status": "on"
    },
    {
      "cmd": "runmocky_goat",
      "author": "Dipto",
      "update": "06/17/2024",
      "status": "on"
    },
    {
      "cmd": "runmocky_mirai",
      "author": "Dipto",
      "update": "06/17/2024",
      "status": "on"
    },
    {
      "cmd": "ss_goat",
      "author": "Dipto",
      "update": "06/17/2024",
      "status": "on"
    },
    {
      "cmd": "ss_mirai",
      "author": "Dipto",
      "update": "06/17/2024",
      "status": "on"
    },
    {
      "cmd": "tiksr2_goat",
      "author": "Mesbah",
      "update": "06/17/2024",
      "status": "on"
    },
    {
      "cmd": "tiksr2_mirai",
      "author": "Mesbah",
      "update": "06/17/2024",
      "status": "on"
    },
    {
      "cmd": "tiksr_goat",
      "author": "Mesbah",
      "update": "06/17/2024",
      "status": "on"
    },
    {
      "cmd": "tiksr_mirai",
      "author": "Mesbah",
      "update": "06/17/2024",
      "status": "on"
    },
    {
      "cmd": "v2a_goat",
      "author": "Dipto",
      "update": "06/17/2024",
      "status": "on"
    },
    {
      "cmd": "v2a_mirai",
      "author": "Dipto",
      "update": "06/17/2024",
      "status": "on"
    },
    {
      "cmd": "prayer_goat",
      "author": "Mesbah Bb'e",
      "update": "26/06/2024",
      "status": "on"
    },
    {
      "cmd": "prayer_mirai",
      "author": "Mesbah Bb'e",
      "update": "26/06/2024",
      "status": "on"
    },
    {
      "cmd": "lyrics_goat",
      "author": "Nazrul",
      "update": "07/07/2024",
      "status": "on"
    },
    {
      "cmd": "lyrics_mirai",
      "author": "Nazrul",
      "update": "07/07/2024",
      "status": "on"
    },
    {
      "cmd": "spamkick_goat",
      "author": "Dipto",
      "update": "13/11/2024",
      "status": "on"
    },
    {
      "cmd": "spamkick_mirai",
      "author": "Dipto",
      "update": "13/08/2024",
      "status": "on"
    },
    {
      "cmd": "quiz_goat",
      "author": "Mesbah Bb'e",
      "update": "07/07/2024",
      "status": "on"
    },
    {
      "cmd": "quiz_mirai",
      "author": "Mesbah Bb'e",
      "update": "07/07/2024",
      "status": "on"
    },
    {
      "cmd": "art_goat",
      "author": "Nazrul",
      "update": "21/09/2024",
      "status": "on"
    },
    {
      "cmd": "art_mirai",
      "author": "Nazrul",
      "update": "21/09/2024",
      "status": "on"
    },
    {
      "cmd": "font_mirai",
      "author": "dipto",
      "update": "08/15/2024",
      "status": "on"
    },
    {
      "cmd": "sing_mirai",
      "author": "dipto",
      "update": "03/15/2025",
      "status": "on"
    },
    {
      "cmd": "sing_goat",
      "author": "dipto",
      "update": "08/15/2024",
      "status": "on"
    },
    {
      "cmd": "prompt_mirai",
      "author": "dipto",
      "update": "08/15/2024",
      "status": "on"
    },
    {
      "cmd": "prompt_goat",
      "author": "dipto",
      "update": "08/15/2024",
      "status": "on"
    },
    {
      "cmd": "font_goat",
      "author": "dipto",
      "update": "08/15/2024",
      "status": "on"
    },
    {
      "cmd": "whitelist_thread",
      "author": "NTKhang",
      "update": "08/15/2024",
      "status": "on"
    },
    {
      "cmd": "whitelist_id",
      "author": "NTKhang",
      "update": "08/15/2024",
      "status": "on"
    },
    {
      "cmd": "ytb_mirai",
      "author": "dipto",
      "update": "08/15/2024",
      "status": "on"
    },
    {
      "cmd": "ytb_goat",
      "author": "dipto",
      "update": "08/15/2024",
      "status": "on"
    },
    {
      "cmd": "gpt4_goat",
      "author": "dipto",
      "update": "08/16/2024",
      "status": "on"
    },
    {
      "cmd": "profile_mirai",
      "author": "dipto",
      "update": "08/21/2024",
      "status": "on"
    },
    {
      "cmd": "snippet_mirai",
      "author": "dipto",
      "update": "08/21/2024",
      "status": "on"
    },
    {
      "cmd": "snippet_goat",
      "author": "dipto",
      "update": "08/21/2024",
      "status": "on"
    },
    {
      "cmd": "manga_goat",
      "author": "dipto",
      "update": "08/26/2024",
      "status": "on"
    },
    {
      "cmd": "manga_mirai",
      "author": "dipto",
      "update": "08/26/2024",
      "status": "on"
    },
    {
      "cmd": "autotimer_goat",
      "author": "dipto",
      "update": "08/26/2024",
      "status": "on"
    },
    {
      "cmd": "emi_goat",
      "author": "dipto",
      "update": "08/26/2024",
      "status": "on"
    },
    {
      "cmd": "flux_goat",
      "author": "dipto",
      "update": "08/26/2024",
      "status": "on"
    },
    {
      "cmd": "upscaleai_goat",
      "author": "dipto",
      "update": "08/27/2024",
      "status": "on"
    },
    {
      "cmd": "upscaleai_mirai",
      "author": "dipto",
      "update": "08/27/2024",
      "status": "on"
    },
    {
      "cmd": "xl_31_goat",
      "author": "dipto",
      "update": "08/27/2024",
      "status": "on"
    },
    {
      "cmd": "quiz_2_mirai",
      "author": "dipto",
      "update": "09/20/2024",
      "status": "on"
    },
    {
      "cmd": "quiz_2_goat",
      "author": "dipto",
      "update": "09/20/2024",
      "status": "on"
    },
    {
      "cmd": "removebg_goat",
      "author": "Mesbah Saxx",
      "update": "09/21/2024",
      "status": "on"
    },
    {
      "cmd": "removebg_mirai",
      "author": "Mesbah Saxx",
      "update": "09/21/2024",
      "status": "on"
    },
    {
      "cmd": "catbox_goat",
      "author": "Nazrul",
      "update": "10/03/2024",
      "status": "on"
    },
    {
      "cmd": "catbox_mirai",
      "author": "Nazrul",
      "update": "10/03/2024",
      "status": "on"
    },
    {
      "cmd": "image_data_goat",
      "author": "Nazrul",
      "update": "10/06/2024",
      "status": "on"
    },
    {
      "cmd": "image_data_mirai",
      "author": "Nazrul",
      "update": "10/06/2024",
      "status": "on"
    },
    {
      "cmd": "tikstalk_mirai",
      "author": "Xnil",
      "update": "10/06/2024",
      "status": "on"
    },
    {
      "cmd": "tikstalk_goat",
      "author": "Xnil",
      "update": "10/06/2024",
      "status": "on"
    },
    {
      "cmd": "sing2_goat",
      "author": "Mesbah Saxx",
      "update": "10/14/2024",
      "status": "on"
    },
    {
      "cmd": "sing2_mirai",
      "author": "Mesbah Saxx",
      "update": "10/14/2024",
      "status": "on"
    },
    {
      "cmd": "tag_goat_x_mirai",
      "author": "Dipto",
      "update": "10/14/2024",
      "status": "on"
    },
    {
      "cmd": "4k_goat",
      "author": "Mostakim",
      "update": "10/22/2024",
      "status": "on"
    },
    {
       "cmd": "coverphoto_goat",
      "author": "Dipto",
      "update": "11/15/2024",
      "status": "on"
    },
    {
       "cmd": "coverphoto_mirai",
      "author": "Dipto",
      "update": "11/15/2024",
      "status": "on"
    },
    {
       "cmd": "tempmail_goat",
      "author": "nyx",
      "update": "11/15/2024",
      "status": "on"
    },
    {
       "cmd": "hack_goat",
      "author": "Mostakim",
      "update": "5/26/2025",
      "status": "on"
    },
     {
       "cmd": "help_goat",
      "author": "Mostakim",
      "update": "5/26/2025",
      "status": "on"
    },
     {
       "cmd": "slot_goat",
      "author": "Mostakim",
      "update": "5/26/2025",
      "status": "on"
    },
   {
       "cmd": "bank_goat",
      "author": "Mostakim",
      "update": "5/26/2025",
      "status": "on"
    },
     {
       "cmd": "balance_goat",
      "author": "Mostakim",
      "update": "5/26/2025",
      "status": "on"
    },
    {
       "cmd": "uptime_goat",
      "author": "Mostakim",
      "update": "5/26/2025",
      "status": "on"
    }
  ]
}
