{
 "api": "https://www.noobs-api.rf.gd/dipto",
 "apis":[
    "https://www.noobs-api.rf.gd/dipto",
    "https://rest-api-2-d3np.onrender.com/dipto",
    "https://www.noobs-api.000.pe/dipto",
    "https://2l8v4r-10000.csb.app/dipto",
    "https://www.noobs-apis.42web.io",
    "https://www.x-noobs-apis.42web.io/mostakim",
    "https://mostakim.onrender.com/mostakim",
    "https://www.x-noobs-apis.000.pe",
    "https://ytb-five.vercel.app"
  ],
  "album":"https://album-api-69-bxzg.onrender.com",
  "ytb": "https://ytb-five.vercel.app",
  "baby":"https://simma-baby-69.onrender.com",
  "baby2":"https://simma-baby-69.onrender.com",
  "teach": "https://4gvf6m-3000.csb.app",
  "imgur":"https://qwp8w9-3000.csb.app",
  "tv": "https://049c-34-100-213-170.ngrok-free.app/dipto",
  "xnil": "https://xnilnew404.onrender.com",
  "xnil2": "https://xn.xn.xn.kesug.com/xnil",
  "mostakim":"https://www.x-noobs-api.42web.io/",
  "nazrul": "https://www.x-noobs-apis.000.pe",
  "noob": "https://www.noobs-apis.42web.io"
}
