{
  "tiktok_id_goat": "https://raw.githubusercontent.com/Blankid018/D1PT0/main/Tiktok-id-goat.js",
  "tiktok_id_mirai": "https://raw.githubusercontent.com/Blankid018/D1PT0/main/Tiktok-id-mirai.js",
  "album_goat": "https://raw.githubusercontent.com/Blankid018/D1PT0/main/album-goat.js",
  "album_mirai": "https://raw.githubusercontent.com/Blankid018/D1PT0/main/album-mirai.js",
  "alldl_goat": "https://raw.githubusercontent.com/Blankid018/D1PT0/main/alldl-goat.js",
  "spy_goat": "https://raw.githubusercontent.com/Blankid018/D1PT0/main/spy-goat.js",
  "spy_mirai": "https://raw.githubusercontent.com/Blankid018/D1PT0/main/spy-mirai.js",
  "fluxpro_goat": "https://raw.githubusercontent.com/Blankid018/D1PT0/main/fluxpro-goat.js",
  "fluxpro_mirai": "https://raw.githubusercontent.com/Blankid018/D1PT0/main/fluxpro-mirai.js",
  "alldl_mirai": "https://raw.githubusercontent.com/Blankid018/D1PT0/main/alldl-mirai.js",
  "autodl_goat_x_mirai": "https://raw.githubusercontent.com/Blankid018/D1PT0/main/autodl.js",
  "baby_sim_goat": "https://raw.githubusercontent.com/Blankid018/D1PT0/main/baby-sim-goat.js",
  "baby_sim_mirai": "https://raw.githubusercontent.com/Blankid018/D1PT0/main/baby-sim-mirai.js",
  "claude2_goat": "https://raw.githubusercontent.com/Blankid018/D1PT0/main/claude2-goat.js",
  "cmdstore_goat": "https://raw.githubusercontent.com/Blankid018/D1PT0/main/cmdstore-goat.js",
  "cmdstore_mirai": "https://raw.githubusercontent.com/Blankid018/D1PT0/main/cmdstore-mirai.js",
  "code_goat": "https://raw.githubusercontent.com/Blankid018/D1PT0/main/code-goat.js",
  "code_mirai": "https://raw.githubusercontent.com/Blankid018/D1PT0/main/code-mirai.js",
  "cricket_goat": "https://raw.githubusercontent.com/Blankid018/D1PT0/main/cricket_goat.js",
  "cricket_mirai": "https://raw.githubusercontent.com/Blankid018/D1PT0/main/cricket_mirai.js",
  "dalle_goat": "https://raw.githubusercontent.com/Blankid018/D1PT0/main/dalle-goat.js",
  "dalle_mirai": "https://raw.githubusercontent.com/Blankid018/D1PT0/main/dalle-mirai.js",
  "fbcover_goat": "https://raw.githubusercontent.com/Blankid018/D1PT0/main/fbcover-goat.js",
  "fbcover_mirai": "https://raw.githubusercontent.com/Blankid018/D1PT0/main/fbcover-mirai.js",
  "flaggame_goat": "https://raw.githubusercontent.com/Blankid018/D1PT0/main/flagGame-goat.js",
  "flaggame_mirai": "https://raw.githubusercontent.com/Blankid018/D1PT0/main/flagGame-mirai.js",
  "gcimg_goat": "https://raw.githubusercontent.com/Blankid018/D1PT0/main/gcimg-goat.js",
  "gcimg_mirai": "https://raw.githubusercontent.com/Blankid018/D1PT0/main/gcimg-mirai.js",
  "gemini_goat": "https://raw.githubusercontent.com/Blankid018/D1PT0/main/gemini-goat.js",
  "gemini_mirai": "https://raw.githubusercontent.com/Blankid018/D1PT0/main/gemini_mirai.js",
  "gemini2_goat": "https://raw.githubusercontent.com/Blankid018/D1PT0/main/gemini2-goat.js",
  "gemini2_mirai": "https://raw.githubusercontent.com/Blankid018/D1PT0/main/gemini2-mirai.js",
  "getlink_goat": "https://raw.githubusercontent.com/Blankid018/D1PT0/main/getlink-goat.js",
  "getlink_mirai": "https://raw.githubusercontent.com/Blankid018/D1PT0/main/getlink-mirai.js",
  "gist_goat": "https://raw.githubusercontent.com/Blankid018/D1PT0/main/gist-goat.js",
  "gist_mirai": "https://raw.githubusercontent.com/Blankid018/D1PT0/main/gist-mirai.js",
  "imgur_goat": "https://raw.githubusercontent.com/Blankid018/D1PT0/main/imgur-goat.js",
  "imgur_mirai": "https://raw.githubusercontent.com/Blankid018/D1PT0/main/imgur-mirai.js",
  "meta_goat": "https://raw.githubusercontent.com/Blankid018/D1PT0/main/meta-goat.js",
  "meta_mirai": "https://raw.githubusercontent.com/Blankid018/D1PT0/main/meta-mirai.js",
  "pinterest_goat": "https://raw.githubusercontent.com/Blankid018/D1PT0/main/pinterest-goat.js",
  "pinterest_mirai": "https://raw.githubusercontent.com/Blankid018/D1PT0/main/pinterest-mirai.js",
  "profile_goat": "https://raw.githubusercontent.com/Blankid018/D1PT0/main/profile_goat.js",
  "profile_mirai": "https://raw.githubusercontent.com/Blankid018/D1PT0/main/profile-mirai.js",
  "runmocky_goat": "https://raw.githubusercontent.com/Blankid018/D1PT0/main/runmocky-goat.js",
  "runmocky_mirai": "https://raw.githubusercontent.com/Blankid018/D1PT0/main/runmocky-mirai.js",
  "ss_goat": "https://raw.githubusercontent.com/Blankid018/D1PT0/main/ss-goat.js",
  "ss_mirai": "https://raw.githubusercontent.com/Blankid018/D1PT0/main/ss-mirai.js",
  "tiksr2_goat": "https://raw.githubusercontent.com/Blankid018/D1PT0/main/tiksr2_goat.js",
  "tiksr2_mirai": "https://raw.githubusercontent.com/Blankid018/D1PT0/main/tiksr2_mirai.js",
  "tiksr_goat": "https://raw.githubusercontent.com/Blankid018/D1PT0/main/tiksr_goat.js",
  "tiksr_mirai": "https://raw.githubusercontent.com/Blankid018/D1PT0/main/tiksr_mirai.js",
  "v2a_goat": "https://raw.githubusercontent.com/Blankid018/D1PT0/main/v2a-goat.js",
  "v2a_mirai": "https://raw.githubusercontent.com/Blankid018/D1PT0/main/v2a-mirai.js",
  "prayer_goat": "https://raw.githubusercontent.com/Blankid018/D1PT0/main/prayer_goat.js",
  "prayer_mirai": "https://raw.githubusercontent.com/Blankid018/D1PT0/main/prayer_mirai.js",
  "spamkick_goat": "https://raw.githubusercontent.com/Blankid018/D1PT0/main/spamkick-goat.js",
  "spamkick_mirai": "https://raw.githubusercontent.com/Blankid018/D1PT0/main/spamkick-mirai.js",
  "lyrics_mirai": "https://raw.githubusercontent.com/Blankid018/D1PT0/main/lyrics-mirai.js",
  "lyrics_goat": "https://raw.githubusercontent.com/Blankid018/D1PT0/main/lyrics-goat.js",
  "quiz_goat": "https://raw.githubusercontent.com/Blankid018/D1PT0/main/quiz_goat.js",
  "quiz_mirai": "https://raw.githubusercontent.com/Blankid018/D1PT0/main/quiz_mirai.js",
  "sing_goat": "https://raw.githubusercontent.com/Blankid018/D1PT0/main/sing-goat.js",
  "sing_mirai": "https://raw.githubusercontent.com/Blankid018/D1PT0/main/sing-mirai.js",
  "sing_goat_v2": "https://raw.githubusercontent.com/Blankid018/D1PT0/main/sing-goat-v2.js",
  "art_goat": "https://raw.githubusercontent.com/dipto-008/D1PT0/main/Art-goat.js",
  "art_mirai": "https://raw.githubusercontent.com/dipto-008/D1PT0/main/Art-mirai.js",
  "sing_goat_v3":"https://raw.githubusercontent.com/Blankid018/D1PT0/main/song-goat-v3.js",
  "sing_mirai_v2": "https://raw.githubusercontent.com/Blankid018/D1PT0/main/sing-mirai-v2.js",
  "prompt_mirai": "https://raw.githubusercontent.com/Blankid018/D1PT0/main/prompt-mirai.js",
  "font_mirai": "https://raw.githubusercontent.com/Blankid018/D1PT0/main/font-mirai.js",
  "font_goat": "https://raw.githubusercontent.com/Blankid018/D1PT0/main/font-goat.js",
  "prompt_goat": "https://raw.githubusercontent.com/Blankid018/D1PT0/main/prompt-goat.js",
  "whitelist_thread": "https://raw.githubusercontent.com/Blankid018/D1PT0/main/wlt.js",
  "whitelist_id": "https://raw.githubusercontent.com/Blankid018/D1PT0/main/wl.js",
  "ytb_goat": "https://raw.githubusercontent.com/Blankid018/D1PT0/main/ytb-goat.js",
  "ytb_mirai": "https://raw.githubusercontent.com/Blankid018/D1PT0/main/ytb-mirai.js",
  "gpt4_goat": "https://raw.githubusercontent.com/Blankid018/D1PT0/main/gpt4-goat.js",
  "snippet_goat": "https://raw.githubusercontent.com/Blankid018/D1PT0/main/snippet-goat.js",
  "snippet_mirai": "https://raw.githubusercontent.com/Blankid018/D1PT0/main/snippet-mirai.js",
  "manga_goat": "https://raw.githubusercontent.com/Blankid018/D1PT0/main/manga-goat.js",
  "autotimer_goat": "https://raw.githubusercontent.com/Blankid018/D1PT0/main/autotimer-goat.js",
  "emi_goat": "https://raw.githubusercontent.com/Blankid018/D1PT0/main/emi-goat.js",
  "flux_goat": "https://raw.githubusercontent.com/Blankid018/D1PT0/main/flux-goat.js",
  "upscaleai_mirai": "https://raw.githubusercontent.com/Blankid018/D1PT0/main/upscaleai-mirai.js",
  "upscaleai_goat": "https://raw.githubusercontent.com/Blankid018/D1PT0/main/upscaleai-goat.js",
  "xl_31_goat": "https://raw.githubusercontent.com/Blankid018/D1PT0/main/xl_3_1-goat.js",
  "quiz_2_mirai": "https://raw.githubusercontent.com/dipto-008/D1PT0/main/quiz2-mirai.js",
  "quiz_2_goat": "https://raw.githubusercontent.com/dipto-008/D1PT0/main/quiz2-goat.js",
  "removebg_goat": "https://raw.githubusercontent.com/dipto-008/D1PT0/main/removebg_goat.js",
  "removebg_mirai": "https://raw.githubusercontent.com/dipto-008/D1PT0/main/removebg_mirai.js",
  "catbox_goat": "https://raw.githubusercontent.com/dipto-008/D1PT0/main/catbox-goat.js",
  "catbox_mirai": "https://raw.githubusercontent.com/dipto-008/D1PT0/main/catbox-mirai.js",
  "image_data_goat": "https://raw.githubusercontent.com/dipto-008/D1PT0/main/image-data-goat.js",
  "image_data_mirai": "https://raw.githubusercontent.com/dipto-008/D1PT0/main/image-data-mirai.js",
  "tikstalk_mirai": "https://raw.githubusercontent.com/dipto-008/D1PT0/refs/heads/main/tikstalk-mirai.js",
  "tikstalk_goat": "https://raw.githubusercontent.com/dipto-008/D1PT0/refs/heads/main/tikstalk-goat.js",
  "sing2_goat": "https://raw.githubusercontent.com/dipto-008/D1PT0/refs/heads/main/sing2_goat.js",
  "sing2_mirai": "https://raw.githubusercontent.com/dipto-008/D1PT0/refs/heads/main/sing2_mirai.js",
  "tag_goat_x_mirai": "https://raw.githubusercontent.com/dipto-008/D1PT0/refs/heads/main/tag.js",
  "4k_goat": "https://raw.githubusercontent.com/dipto-008/D1PT0/refs/heads/main/4k.js",
  "coverphoto_goat": "https://raw.githubusercontent.com/dipto-008/D1PT0/refs/heads/main/coverphoto-goat.js",
  "coverphoto_mirai": "https://raw.githubusercontent.com/dipto-008/D1PT0/refs/heads/main/coverphoto-mirai.js"
}
